,tweet_content,keyword,user_location,classified
0,mds nunca liberar,['Nubank'],GoiÃ¢nia,0.0
1,viciar bateria celular,['Coca-cola'],BalneÃ¡rio CamboriÃº,1.0
2,toda vez vejo lÃ¡ conferir saldo certo juro traumatizar histÃ³rias roubar dinheiro,['Nubank'],None,0.0
3,pedir serasi,['Nubank'],"Rio de Janeiro, Brasil",1.0
4,kayofeer acontecer mÃ£e quase ano nada ainda,['Nubank'],"MacaÃ©, Brasil",1.0
5,escolher aumentar reais uau revolucionÃ¡rio kkkkkkkkk,['Nubank'],"RibeirÃ£o Preto, Brasil",1.0
6,achar preju tempos algo inesperado ahhh inocente,['Nubank'],"SÃ£o Paulo, Brasil",1.0
7,rodrigolps _ caso observo aumentar juros dÃ­vida,['Nubank'],ğŸ³ï¸â€ğŸŒˆ,0.0
8,msswx processo nele,['Nubank'],MacaÃ©,0.0
9,preparar riscos claro conquistar espaÃ§o exposiÃ§Ã£o necessÃ¡ria,['Nubank'],"SÃ£o Paulo, Brasil",1.0
10,gostar dar,['Nubank'],"Palmas, Brasil",1.0
11,preparar riscos claro conquistar espaÃ§o exposiÃ§Ã£o necessÃ¡ria,['Nubank'],"SÃ£o Paulo, Brasil",1.0
12,gastar cueca calvin klein,['Nike'],Hell not Helsinki,0.0
13,boa vÃ¡ poder dar merecer kkkkkkk,['Xiaomi'],None,1.0
14,parar comer besteira logo dps cafÃ© manhÃ£ bis,['Coca-cola'],None,0.0
15,alÃ©m linda usar,['Nike'],None,1.0
16,aprovar r dar paz pix mensagem,['Nubank'],None,1.0
17,viciar,['SHEIN'],"Windermere, FL",1.0
18,tipo parada falar furia gatorade plano raiz alÃ©m bagulho sm,['Nike'],None,0.0
19,Ã³dio poder aprovar crÃ©dito quÃª,['Nubank'],None,0.0
20,sonho parar tomar,['Coca-cola'],AnÃ¡polis,1.0
21,pare pf sentir obrigaÃ§Ã£o gastar,['Nubank'],"GoiÃ¢nia, Brasil",1.0
22,dobrar novo,['Nubank'],Roo / Cba,1.0
23,aplicativo bom incluir deezer nele,['Nike'],recife,1.0
24,liberar limites menos entender pagar dias antes fatura vencer,['Nubank'],"Engenho da Rainha, Rio de Jane",1.0
25,aumentar nada socorro,['Nubank'],BrasÃ­lia,1.0
26,aprovar r dar pix mensagem,['Nubank'],None,1.0
27,vir topico olhar geral falar aumentar,['Nubank'],13,1.0
28,sexta feira pprt,['Nike'],ItaboraÃ­,1.0
29,caÃ­ mundinho perdido amar,['SHEIN'],Curitiba - PR,1.0
30,generoso deixar povo endividar pagar juros lindar sqn,['Nubank'],None,0.0
31,frifasnews cara blusa,['Nike'],None,1.0
32,aumento dar gatilho,['Nubank'],"Pindamonhangaba, Brasil",0.0
33,deus comprar muita coisa kkkkkkkkkkkk falir,['SHEIN'],None,1.0
34,hora roupa outra hora roupa time outra conjunto cyclone i vezes piercing umbigo,['SHEIN'],19,1.0
35,,['Nike'],cxs,1.0
36,pessoal comentar aumento crÃ©dito lembrar aumenta reais ainda saber bom ruim,['Nubank'],None,1.0
37,achar vestir odio,['SHEIN'],"Salvador, Brasil",0.0
38,roupas chegar ansiosa,['SHEIN'],"Aracaju, Brasil",1.0
39,alguÃ©m saber consigo fone luÃ­s daqueles fio massa precinho legal ps site,['Xiaomi'],"SÃ£o Paulo, Brasil",1.0
40,nao pedir cara assim ajuda,['Nubank'],None,1.0
41,tiagogreis microsoft super difÃ­cil criar patente vicia ambev,['Coca-cola'],Aracaju,1.0
42,aquellos hombres tiempo antes llegara mi pedido ignoraron sepan ahora estoy mi cima ha llegado mi pedir estoy ellos si estuviste las malas antes tendras lugar las buenas despuÃ©s,['SHEIN'],None,0.0
43,cenas chegar wlduejbshd,['SHEIN'],she/her,1.0
44,aumentar reais algo,['Nubank'],krakoa,1.0
45,alÃ©m agr viciar comprinhas enjoei scr,['SHEIN'],"SÃ£o Paulo, Brasil",1.0
46,deszanti ardido geralmente depender,['Nike'],"Guarulhos, Iraque",0.0
47,nunca aumentar,['Nubank'],Aldeia da Folha ğŸƒ,0.0
48,vontadezinha vÃ©a besta pegar mil reais dizer disponÃ­vel emprÃ©stimo fugir paÃ­s,['Nubank'],None,1.0
49,aumentar confia hahahahaah,['Nubank'],"IcuÃ­ City, Ananindeua, Brasil",1.0
50,vir topo vir correr ver apple pay agilizar nÃ© apple,['Nubank'],"GoiÃ¢nia, Brasil",0.0
51,akbilbo drx paia dms roubar,['Nike'],031ğŸ’¸Ced,0.0
52,bom aumente,['Nubank'],"Camp Nou, Salvador",1.0
53,aumentar reais olhar diabo agir,['Nubank'],"Rio de Janeiro, Brasil",1.0
54,amo aumentar emprego,['Nubank'],None,0.0
55,mundo ganhar aumento tendo pedir aumento recusar,['Nubank'],rio de janeiro,0.0
56,aumentar mil digo esperar nao,['Nubank'],hogwarts,1.0
57,golpe seguir golpe outros cartÃµes crÃ©dito fundo precisar aprender aulas arcuri,['Nubank'],"Campina Grande, Brasil",0.0
58,preferir zz cÃ¢mera poder perder iphone bateria dia,['Xiaomi'],"Contagem, Brasil",0.0
59,aproveitar bora cobrar apple pay promessa fim ano,['Nubank'],VitÃ³ria da Conquista,1.0
60,fridasdaughter sigo paz sendo testemunha,['Xiaomi'],Ilha de Lesbos,1.0
61,interessar poder novo projeto hugmeclub loja virtual trabalhar produtos nacionais importados diversos setores originais marcas renomadas calvin klein tommy hilfiger michael kors carter dentre outras,['Nike'],"Belo Horizonte, Brasil",1.0
62,alÃ´ rolar aumento lembrar quelu mutuuuu,['Nubank'],Rio de Janeiro,1.0
63,anos nunca aumentar centavo,['Nubank'],None,0.0
64,entao aumentar varios limites ate renda renda pagar dia nao fdp,['Nubank'],Red Room,0.0
65,datilografa virgem gostar,['Coca-cola'],ParÃ¡,1.0
66,redmi note igual,['Xiaomi'],SÃ£o Paulo - BR | Porto - PT,1.0
67,sedento pontos,['SHEIN'],Guilherme ğŸ‘¼ğŸ½ğŸ¥€ğŸ–¤,0.0
68,tomar cu taxa sacar dinheiro,['Nubank'],"Londrina, Brasil",0.0
69,apostar banrisul dar maior pedir,['Nubank'],Porto Alegre -RS,0.0
70,movimenta conta conseguir cartÃ£o nome sujo conseguir,['Nubank'],"SÃ£o GonÃ§alo, Brasil",1.0
71,comprinhas brasil quanto tempo entregar,['SHEIN'],cwb,1.0
72,joarlens rapaz afrontar sentir menosprezar,['Nubank'],None,0.0
73,sustentar gracinha,['Nubank'],"Vila ValÃ©rio, Brasil",0.0
74,pestanaskrr toda,['Coca-cola'],death star,0.0
75,ackisamayra resposta sempre triste,['Nubank'],None,1.0
76,primeira ficada pedir blusa,['Nike'],"Vila Velha, Brasil",0.0
77,ameaÃ§ar bloquear cartÃ£o pagar fatura,['Nubank'],None,0.0
78,assim aumentar outros nada,['Nubank'],Brasil,0.0
80,mundo ganhar aumento tendo pedir aumento recusar,['Nubank'],Brasil,0.0
81,achar pai iria pagar boleto bonzinho lÃ¡ ficar ansiosa chegar coisas,['SHEIN'],None,1.0
82,simplesmente odiar,['Nubank'],None,0.0
83,toda vez vejo trending subir agoniar medo notÃ­cia ruim amp catastrÃ³fica,['Nubank'],Idris,1.0
84,receber encomenda finalmente acertar tamanhos coleira mandar lord pequena nunca acerto,['SHEIN'],SetÃºbal,0.0
85,isisofmine rodrigolps _ pagar dia dia antes,['Nubank'],None,1.0
86,poxa anos anos pontuais sido agraciar nenhuma,['Nubank'],Mariana-Mg,0.0
87,ia presente aniversÃ¡rio shopping achar pegar site,['Nike'],Brasil,1.0
88,humilhaÃ§Ã£o pobre aumento nada,['Nubank'],None,0.0
89,ver vÃ¡rias postagens pessoas limites aumentar esquecido churrasco,['Nubank'],Brasil,1.0
90,bem poder ein pagar certinho,['Nubank'],"SÃ£o LuÃ­s, Brasil",1.0
91,bem melhor,['Nubank'],"Belo Horizonte, Brasil",1.0
92,aumentar geral,['Nubank'],"Rio de Janeiro, Brasil",0.0
93,achar guaranÃ¡ antÃ¡rtica pisar,['Coca-cola'],"Recife, Brasil",1.0
94,duvida valer pena roupa wish,['SHEIN'],None,1.0
95,ater tirar dÃºvida,['Nubank'],None,0.0
96,montar seleÃ§Ã£o pegar time contra,['Nike'],Em outro patamar / NilÃ³polis,1.0
98,vamos concordar banco inter melhor banco servir render centavos sacar ver absurdo,['Nubank'],"MacapÃ¡, Brasil",0.0
99,aumentar perigo,['Nubank'],Embu,1.0
100,blogdosaopaulo centauroesporte siganetshoes adidasbrasil vendas exclusivas centauro informei,['Nike'],SÃ£o Paulo - SP,1.0
102,fazer comprinhas,['SHEIN'],"ColÃ´mbia, Brasil",1.0
103,tamo juntÃ£o poder,['Nubank'],"Aracaju, Brasil",1.0
104,alto trabalhar,['Nubank'],None,0.0
105,falar melhoraria alimentaÃ§Ã£o semana eis tomar cafÃ© manhÃ£,['Coca-cola'],None,0.0
106,acaso mulheres acabar baixar aparecer coisa feminina,['SHEIN'],"Itu, Brasil",0.0
107,rafaamarqss ijsdjskskskskakka pijama,['SHEIN'],None,1.0
108,qria sair cm dois trajados,['Nike'],None,1.0
109,hesceleb filhao dar ter dinheiro coisa gucci prada,['SHEIN'],only harry,1.0
110,ok agora pixelado,['Nike'],None,1.0
111,qria sair cm cm dois trajados,['Nike'],None,1.0
112,_ joaopgatti sophiaemanuella pedir aumento aumentar pruma espÃ©cie final fila,['Nubank'],"Sunyshore City, Sinnoh",0.0
113,paulormelo algumas empresas bastante elixir delivery center bcredi stone magnetis sumup trybe,['Nubank'],"Curitiba, Brazil",1.0
114,lorenachss tb prÃ³pria atualizada,['SHEIN'],None,1.0
115,,['Nubank'],"SÃ£o Paulo, Brasil",1.0
116,meses cartÃ£o dÃ©bito liberar crÃ©dito reais rs enfim,['Nubank'],None,1.0
117,confiÃ¡vel,['SHEIN'],Brazil,1.0
118,alguem ajudar,['Nubank'],Lomas de zamora,0.0
119,amazonilio daddy dar academia tÃªnis,['Nike'],sei nÃ£o Ã³,0.0
120,achar compras perder caminho caminhÃ£o capotar perder,['SHEIN'],None,0.0
121,pedir trÃ¢nsito enrolar,['SHEIN'],CRVG,0.0
122,comprar toda semana neh burguÃªsa safar,['SHEIN'],1994,0.0
123,conseguir tomar mds,['Coca-cola'],"JaraguÃ¡ do Sul, Brasil",1.0
124,achar precisar deixar nome spc dever agiotar perder casa jogo azar,['Nubank'],"zona leste, sp",0.0
125,adiirjr sim falir android adir pira poder,['Xiaomi'],"Blumenau, Brasil",0.0
126,hora presa olhar roupa,['SHEIN'],ğ‰ğˆğŒğˆğ. ì¹œì ˆí•˜ê³  ì‚¬ë‘ìŠ¤ëŸ¬ìš´ â¥ï¸ ì„¹ì‹œí•˜ê³  ê·€ì—¬ìš´ ì§€ë¯¼ì´ ... ğŸœ²Â Â  ê·¸ê²ƒì€ ì†Œë…„ â™¡ï¸ ê°•í•˜ê³  ì¬ëŠ¥ìˆëŠ” âœ©,1.0
127,larahino _,['SHEIN'],None,1.0
128,piada,['Nubank'],None,0.0
129,aumentar nunk,['Nubank'],"Rio de Janeiro, Brasil",0.0
130,preciso mil nunca pedir nada,['Nubank'],None,1.0
131,entro site pergunto rico,['Nike'],None,0.0
132,sofrer achar jaqueta nba,['Nike'],21,0.0
133,tipo mentos tamos explodir,['Coca-cola'],Cuba,0.0
134,xbabimonteiro acordar lindo mensagem porÃ©m aumento reais piar,['Nubank'],BrasÃ­lia,0.0
135,bem poder dar,['Nubank'],"MaceiÃ³, Brasil",1.0
136,shouyoplcs perfume jogador lol,['BoticÃ¡rio'],dc: Naomi Aiko#4324    (ela/u),0.0
137,aumentar aumentar salÃ¡rio foda,['Nubank'],"Rio Grande do Sul, Brasil",0.0
139,dedinho coÃ§ar finalizar carrinho compras,['SHEIN'],None,1.0
140,pedir uso pagar sempre dia utilizar outros cartÃµes porque suportar gastos poxinha,['Nubank'],Rio de Janeiro,0.0
141,dia milagre tanto,['Nubank'],#she/her,1.0
142,Ãºnico relacionamento tÃ³xico,['Nubank'],"AraporÃ£, Brasil",1.0
143,pensar compra calÃ§a sera,['SHEIN'],ï¼ lena,1.0
144,reclamar super feliz crÃ©dito reais,['Nubank'],None,1.0
145,pontos voltar,['SHEIN'],ğŸŒ¸Portugal,1.0
146,exercer burguesia fazer comprinhas,['SHEIN'],None,1.0
147,ainda bem aumentar igual pessoal conto,['Nubank'],None,1.0
148,vejo imaginar merda vez,['Nubank'],None,0.0
149,parar porra descontar retira dinheiro caixa,['Nubank'],None,0.0
150,frio bom continuar cama maaaas kit cair cÃ©u parÃ§a bora trabalhar,['Nike'],"BrasÃ­lia, Brasil",1.0
151,lojinhas insta compra roupa vender produÃ§Ã£o exclusiva,['SHEIN'],clareira na mata - 012,0.0
152,bnakamatsu xiii mudar assunto criar conta deposita mil rapidao ver funcionar normal,['Nubank'],None,1.0
153,nao encher carrinho nao,['SHEIN'],None,1.0
154,scarlagabs dÃºvida duas pf Ã³tima vir muita vantagem pj,['Nubank'],Juiz de Fora - MG,1.0
155,seguir aumentar crÃ©dito,['Nubank'],None,1.0
156,prÃ³ximo carnaval irar passar umbigo furado copinho pendurar ombro pÃ© fantasiar jasmine aguardar,['Nike'],None,1.0
157,trendings aumento abrir app atoa,['Nubank'],"VitÃ³ria, ES",0.0
158,ninaoliveira _ _ _ fazer objetivo,['Nubank'],None,1.0
159,fazer tatuagem refletida braba,['Nike'],santissimo city,1.0
160,aumentar,['Nubank'],None,1.0
161,aumento mundo continuar zero tendo usar temporÃ¡rio,['Nubank'],My Bieber Experience,0.0
162,ver mundo receber coisas ontem menos,['SHEIN'],Brasil,0.0
163,verde mente pÃ©,['Nike'],None,1.0
164,responder dm rapaz,['Nubank'],None,1.0
165,Ã³dio anal site dunkzinho,['Nike'],Brazil,0.0
166,dearschafer vidar ter crÃ©dito crÃ©dito melhor vista nÃ© dona,['Nubank'],None,0.0
167,tempo irmao,['Nubank'],"AnÃ¡polis, ğŸ‡§ğŸ‡·",0.0
168,eeeeguas deixar,['Nubank'],"SÃ£o LuÃ­s, Brasil",0.0
169,xetdoinvesting falar,['Nubank'],"SÃ£o LuÃ­s, Brasil",1.0
170,bolo cenoura cobertura chocolate gelar,['Coca-cola'],"Resende, Brasil",1.0
171,,['SHEIN'],"SÃ£o Bernardo do Campo, Brasil",1.0
172,imnotlyarax nao achar la vei,['SHEIN'],None,1.0
173,dar olhadinha aq pfvr roxo aumentar conto ganhar real mes,['Nubank'],None,1.0
174,aumentar crÃ©dito mundo bobo incrÃ­vel zero reais nÃ©,['Nubank'],My Bieber Experience,0.0
175,colocar sÃ©rum novo promoÃ§Ã£o dizer esperar,['BoticÃ¡rio'],None,1.0
176,cadÃª aumento,['Nubank'],"BrasÃ­lia, Brasil",0.0
177,nunca aumentar bosta,['Nubank'],"Contagem, Brasil",0.0
178,muita vtd beber bem gelar,['Coca-cola'],-â™¥ final contente ğŸ˜,1.0
179,cadÃª applepay,['Nubank'],None,1.0
180,concorrente,['Nubank'],Ovelhas negras,1.0
181,sirati_joao caralho empresta,['Nubank'],None,0.0
182,alÃ´ aumentar aiii,['Nubank'],None,0.0
183,amo odeio,['Nike'],MS,0.0
184,sonhar comer coxinha tomar nada nada kidman entrar sonho moÃ§a caixa confusa dinheiro meter contar dinheiro mulher mandar tomar conta vida,['Coca-cola'],moscow,1.0
185,wwerrrraaaaarraarrrrrr traduÃ§Ã£o aumentar brincadeira preciso querer aceitar,['Nubank'],"SÃ£o Paulo, Brasil",1.0
186,oq aumentar mundo menos gastar filha puta,['Nubank'],South Africa,0.0
187,aumentaaaa limiteeeeeee,['Nubank'],Ovelhas negras,0.0
188,coloquei google aparaceu aliexpress amazon algumas outras,['SHEIN'],tua glÃ³ria Ã© lutar.,1.0
189,responder evitar fadiga mandar casa caralho,['Nubank'],"Duque de Caxias, Brasil",0.0
190,fadinhadd corretora valores,['Nubank'],"GoiÃ¢nia, Brasil",1.0
191,papo reto pagar r emprestar cartÃ£o crÃ©dito celular conseguir trabalhar excelente pagadora explico dm compro dar baixo,['Nubank'],None,1.0
192,aumentar marido desempregado carteira assinar,['Nubank'],"SÃ£o JosÃ© dos Campos, Brasil",1.0
193,esperar tanto aumento piar,['Nubank'],BrasÃ­lia,0.0
194,melhorar atendimento virtual respondam dm,['Nubank'],"Recife, Brasil",0.0
195,ainda bem aumentar dinheiro sustentar oq imaginar kk,['Nubank'],"Campo Grande, Rio de Janeiro",1.0
196,promodelivro falto cartÃ£o crÃ©dito aprovar menos desisti vida,['Nubank'],"Pernambuco, Brasil",0.0
197,doida cartÃ£o virar carrinho cada vez barrotado,['SHEIN'],None,1.0
198,site grande lixo,['Nike'],"Itapetininga, Brasil",0.0
199,aumentar sinal precisar montar computador novo falta arrumar emprego pÃ³s formatura,['Nubank'],"Rio de Janeiro, Brasil",1.0
200,tomar cu site caralho ver odio,['Nike'],"GuarujÃ¡, Brasil",0.0
201,ninparra amiga receber salÃ¡rio ali,['Nubank'],None,1.0
202,pagar fatura vencer dia bem adiantar percebe fazer ganhar aumento,['Nubank'],"PorciÃºncula, Brasil",0.0
203,precisar cartÃµes liberar,['Nubank'],Ovelhas negras,1.0
204,andrezzin_cec kkkkkkkkno fundo agradeÃ§o,['Nubank'],"Contagem, Brasil",1.0
205,cartÃ£o nunca chegar,['Nubank'],None,0.0
206,crisvector uso pumabrasil hahhahaa nazi nunca enganar,['Nike'],"SÃ£o JosÃ© dos Campos, Brasil",0.0
207,Ã´ dar olhadinha dm patrÃ£o gentileza,['Nubank'],Brasil,1.0
208,sonhar taxada compra esperar chegar senhor vigiar,['SHEIN'],None,1.0
209,dever tirar cara liberar cartÃ£o crÃ©dito,['Nubank'],None,0.0
210,trofeuzinh rsrrs,['Nubank'],Brasil,1.0
211,roupas chegar brasil amÃ©m,['SHEIN'],"Sarandi, Brasil",1.0
212,sentir especial entro twitter descubro dar aumento mundo,['Nubank'],"SÃ£o Paulo, Brasil",1.0
213,vivianlana _ amazon antix marca compro vestir shopee,['SHEIN'],ğŸ‡®ğŸ‡±,1.0
214,aumentar saber bom,['Nubank'],None,1.0
215,pedir aumento ontem dar agora entro twitter mundo ganhar,['Nubank'],None,0.0
216,cruzeiro engajamentocec patrocinar,['Xiaomi'],"Lavras, Brasil",1.0
217,xlauralima pleasenat iria anos cartÃ£o mundo falir demora sÃ©culos,['Nubank'],"Rio de Janeiro, Brasil",0.0
218,vivianlana _ oi anjooo vÃ¡rios lugares compro saber,['SHEIN'],None,1.0
219,vez aumentar saber perigo,['Nubank'],RJ/zn,1.0
220,delta plus,['Xiaomi'],"Rio de Janeiro, Brasil",1.0
221,namoral aumentar disgraÃ§a ter inter msm porra,['Nubank'],"Salvador, Brasil",0.0
222,mundo ganhar aumento tendo pedir aumento recusar,['Nubank'],"PiauÃ­, Brasil",0.0
223,legadaodamassa acreditar pagar dÃ­vida fuik,['Nubank'],"Campinas, Brasil",1.0
224,traduza gentileza,['Nubank'],"Belo Horizonte, Brasil",1.0
225,agora aumentou poder pagar imaginar,['Nubank'],"Recife, Pernambuco",0.0
226,campanha feat dizer berenice maraaa sempre gÃªnia,['BoticÃ¡rio'],None,1.0
227,taxa saque,['Nubank'],Davi LuÃ­s ğŸ’™,0.0
228,nunca achar mandar link mamda pfvrr,['SHEIN'],Salvador/Bahia,1.0
229,brasileiro querer coisas classificaÃ§Ã£o juliette campeÃ£o julietteday votar,['Nubank'],Seabra Bahia,1.0
230,acordar vontade parcelar vezes,['Nike'],"Santa Catarina, Brasil",1.0
231,Ãºltima vez traviscote fazer mÃºsica boa logo ainda certo,['Nike'],"Curitiba, Brasil",0.0
232,dia difÃ­cil taxada,['SHEIN'],"Itabira, Brasil",0.0
233,mÃªs cancelar force agora subir preÃ§o odeio odeio,['Nike'],"Indaiatuba, Brasil",0.0
234,stick_line conta jurÃ­dica,['Nubank'],"Juiz de Fora, Brasil",1.0
235,marabacarlos fazer la mix mateus dar certo drx kkkkkkkj,['Nubank'],"TucuruÃ­, Brasil",0.0
236,alguÃ©m usar cartÃ£o picpay,['Nubank'],None,1.0
237,boonbap desde janeiro tentar desbloquear cartÃ£o alar,['Nubank'],"Rio de Janeiro, Brasil",0.0
238,mallanlets migar negocio chegar,['SHEIN'],GoiÃ¢nia,1.0
239,ver review bom celula rodar lisinho free fire sobre,['Xiaomi'],None,1.0
240,liberar,['Nubank'],None,1.0
241,fÃªmea continuar diminuir qm usar cropped short lindar amo estilo diferenciar,['SHEIN'],"Passos, Brasil",0.0
242,ia perder pontos Ã¡ pala ellen passar durante conseguir volta,['SHEIN'],None,0.0
243,dinheiro,['Nubank'],goias,0.0
244,miui ainda chegar junho junho achar passar desenvolver miui,['Xiaomi'],Zona Segura de Alexandria,1.0
245,brendinhakonig negativo prefiro uso duas problemas,['Nike'],None,1.0
246,,['Xiaomi'],i would give anything to have at least one sec with ğ—ºğ—¶ğ—»ğ—µğ˜†ğ˜‚ğ—¸ and ask if he can cook for me.,1.0
248,monitorando,['Nubank'],Rio de Janeiro - RJ,1.0
249,pensar mto,['Nike'],None,1.0
250,nunca arrepender ter trocar iphone,['Xiaomi'],Rio de Janeiro,1.0
251,brendinhakonig camisa time tÃªnis diferenÃ§a abismal agora resto ganhar,['Nike'],None,1.0
252,poder brincadeira cara,['Nubank'],None,0.0
253,parceria rexpeita oficialmente confirmar dezembro bonÃ©fogo,['Nike'],mongol,1.0
256,email recargar celular email dizer convidar testar apple pay roxo,['Nubank'],"Mendes, Brasil",0.0
257,,['Nike'],Cristiano ronaldoâ€¢,1.0
259,cleytxn guarana chamar prefiro,['Coca-cola'],None,1.0
260,brendinhakonig esquecer,['Nike'],"Lorena, Brasil",0.0
261,negar compra exceder kkkkkkkkkkkkkk,['Nubank'],None,0.0
262,viciar blazer mal terminei compra coloquei blazers carrinho,['SHEIN'],"FlorianÃ³polis, Brasil",1.0
264,amo problema deixar sacar pagar taxa obrigar abrir contar lugar,['Nubank'],None,0.0
265,mauriciocola incrÃ­vel sente prazer cagar camisas aproveitamento impressionante,['Nike'],"MaceiÃ³, Brasil",0.0
267,coisa melhor aniversÃ¡rio crianÃ§a cachorro quente,['Coca-cola'],None,1.0
268,comprar paciÃªncia nenhuma espera,['SHEIN'],DeprelÃ¢ndia - lagrimas,0.0
269,,['Nike'],ğŸ§¢â€¢ğŸ‡â€¢ğŸ¸â€¢ğŸŒµ,1.0
270,seios,['Nike'],Astroworld,1.0
271,shorts jeans misericÃ³rdia kkkkkkkkkkk,['SHEIN'],"Rio de Janeiro, Brasil",0.0
272,legal desse jeito saque poder der grÃ¡tis finalmente pros outros bancos,['Nubank'],SÃ£o Paulo,1.0
273,horror professor usar junto,['Nike'],"Campina Grande, Brasil",0.0
274,preferir,['Coca-cola'],4490,1.0
275,Ãºnicas coisas fazer feliz lipo papar celular novo bom dinheiro roupas,['SHEIN'],Rio Grande - RS,1.0
276,luizesampaio foda kkkkkkkkkkk,['Nubank'],RJ,1.0
277,mariaaa_juulia cadÃª roupas,['SHEIN'],"ParanÃ¡, Brasil",0.0
278,colocar dois mlk pagar trakinas lan house jogar nesse bot pain ganhar pqp,['Coca-cola'],em algum lugar por ai,1.0
279,amaralgusman amo saber perder dinheiro irrita nÃ­vel,['Nubank'],"CamaÃ§ari, Brasil",0.0
281,beber rato,['Coca-cola'],"Coronel Fabriciano, Brasil",0.0
282,deus vontade comer coxinhas litro bem gelar cm limÃ£o,['Coca-cola'],None,1.0
283,ficar fria pagar,['Nubank'],Diadema SP,0.0
284,gastar reais roupa maquiagem vir ventania dar presentes,['SHEIN'],ğŸ¢ğŸ áµ â™¡Ì¶ à«®ËƒÌµÖŠ Ë‚Ìµ áƒ . . . â˜…,1.0
285,marcoslonguini europa fraca vÃ¡rios times pontar usar,['Nike'],Itapevi - SP,0.0
286,alexandreelf vÃ¡rios agora marca nunca usar melhor experimentar antes pÃ© espaiado rola,['Nike'],None,1.0
287,sonho acabar logo contrato corinthians,['Nike'],â€Ø²ÙƒÙˆØ§Ø¯,0.0
288,_ padueli ricardomenezess ver preÃ§o camisa reais,['Nike'],None,0.0
289,cadÃª corinthians,['Nike'],Minha Casa,0.0
292,maxsepz porra usar pcr kkkkkk,['Nike'],aracaju,0.0
293,espremer universitÃ¡rio final semestre sair caldo preto mistura cafÃ© Ã³dio,['Coca-cola'],None,0.0
294,parecer querer envolver time futebol querer tradicionais msm,['Nike'],"Cariacica, ES",0.0
296,chegar pontos fazer primeira compra deus abenÃ§oar reais descontar ganhar,['SHEIN'],"Mato Grosso, Brasil",1.0
297,fazer cancelar contar uso tanto tempo sair lugar,['Nubank'],Recife,0.0
298,joaoalvesjhja nauticope combo hamburguer bata frita,['Coca-cola'],Brasil,1.0
299,Ã³timo resolver ficar instÃ¡vel bem dia pagar boleto,['Nubank'],None,0.0
300,suplicar ajuda porque correr risco vidar preciso ajudar medicamentos saber aguentar forte pix pessoa gmail picpay nahnathy itau agÃªncia contar,['Nubank'],Hogsmeade,0.0
301,ent preferir,['Nike'],"Santa Catarina, Brasil",0.0
303,relacionamento sÃ©rio,['Nike'],None,1.0
304,teste carÃ¡ter,['Nike'],None,1.0
305,lembro Ã©poca existir camisa bahia coritiba,['Nike'],Gotham,1.0
306,chkhwa favoritos pedir socorro dinheiro,['SHEIN'],ØŒØŒÌ²  Öª  á¡•á µá Šá¡ƒà»ˆà¡šà ¢â¸à»ˆà ¡à £á Šß¯á †à £à ˜á¡à £à ˜á Šá Šà ¢à ˜ğ¡Ù« ğŸ´â€â˜ ï¸ à£ª  Öª ğ-ğğ™´ğ–ğš†ğ– ! ! ã‚ãªãŸã¯ã‚ãã§ãªã—ã‚’ã‚¯ã‚½é›¢ã‚Œã¦è¡Œãã¾ã™ ! ! ! ğŸ’¤ ğšˆğ™¾ğš„ ğ™°ğšğ™´ğ™½ğšƒ â™¡ ğŠğ™¸ğŒ ğ‡ğ™¾ğğ™¶ğ‰ğ™¾ğğ™½ğ† â™¡,1.0
307,rato,['Coca-cola'],bh,0.0
308,indecisa lacoste fodase gastar,['Nike'],"Tremp, EspaÃ±a",0.0
309,eumatheussr competiÃ§Ã£o,['Nike'],None,1.0
310,malhar ficar corpo bonito roupas,['SHEIN'],"Pernambuco, Brasil",1.0
311,caralho fazer lista desejos dar reais pqp,['SHEIN'],ele / dele,1.0
312,lucasrampanellj sdds camisa rosa,['Nike'],"Araraquara, Brasil",1.0
313,crianÃ§as pais mÃ£es ficar cima frequentar igreja trabalhar dia bocar fumo porta traficante portar fazer bonito pagar esbanjar vida boa desleal,['Coca-cola'],"Rio Branco, Acre",0.0
314,comeÃ§ar semana batata frito deus poder julgar,['Coca-cola'],"Rio Grande do Sul, Brasil",1.0
316,bem gelar agr,['Coca-cola'],"Campos dos Goytacazes, Brasil",1.0
317,aumentar limiteee msm tendo tirar pagar kkkkkkk,['Nubank'],"Imperatriz, Brasil",1.0
318,demorar super cair pagamento pqp,['Nubank'],"NiterÃ³i, RJ",0.0
319,morro limÃ£o cpx lixÃ£o bocar mato estrada vila ar pontilhÃ£o colina morro milagres monte alto m reserva muruba guarani caiÃ§ara cristÃ³vÃ£o praia siqueira famÃ­lia grande complicar,['Coca-cola'],"Nova Friburgo, Brasil",1.0
320,reusccp escolher facilmente lugar,['Nike'],no coraÃ§Ã£o dela,1.0
321,beautaefu uso inter dois bons inter app completo diversas funcionalidades zero tarifas,['Nubank'],None,1.0
322,comprar carrinho desÃ¢nimo existencial passar,['SHEIN'],None,0.0
323,app apresentar instabilidade algum problema plataforma dever preocupar app contar pessoal,['Nubank'],"BelÃ©m, Brasil",0.0
324,mn coleÃ§Ã£o nova,['Nike'],"Campinas, Brasil",1.0
325,tike mlr jeito,['Nike'],None,1.0
326,jogar calÃ§a abÃ³bora blusÃ£o quadricular ficar hora junto all star,['Nike'],"Rio de Janeiro, Brasil",1.0
327,eae_guizin _ roupa tÃªnis,['Nike'],terra do pÃ£o de queijo,1.0
328,teste carÃ¡ter,['Nike'],RJ,1.0
329,comeÃ§ar mal toda vez bebo sentir dor forte barriga,['Coca-cola'],None,0.0
330,maior roubar vida smartphone ajude,['Xiaomi'],None,0.0
331,triste tenis novo iriar melhorar rapidin,['Nike'],"Itaperuna, Brasil",1.0
332,tmb lt tens pagar,['Coca-cola'],he/she/they 19,1.0
334,parceria rexpeita oficialmente confirmar dezembro,['Nike'],None,1.0
335,mola feio vans usuÃ¡rio Ã³leo sobre tela,['Nike'],"miss u, x ",1.0
337,louietbrve mds primeira pessoa vejo alto,['Nubank'],"SÃ£o Paulo, Brasil",1.0
338,l_cocate gosto dms tÃªnis feio dms,['Nike'],Guarapuava PR,0.0
340,toda vez tomar mÃ£e lembrar celulite desistir,['Coca-cola'],"BrasÃ­lia, Brasil",0.0
341,perder casaco flamengo,['Nike'],Angra dos Reis ğŸŒ´,0.0
342,acontecer babar akendall falar treta fb,['SHEIN'],None,1.0
343,puto bolso comprar roupa,['SHEIN'],21,0.0
344,olhar curitiba search monte falar esperar dias dar sorte outras vezes,['SHEIN'],baiana,1.0
347,pedir treco agora esperar anos chegar treco,['SHEIN'],"CuiabÃ¡, Brasil",0.0
348,futebol_info ataquemarketing surpreender,['Nike'],"MaringÃ¡, Brasil",1.0
349,brendinhakonig uso camisa time,['Nike'],"Praia Grande, Brasil",0.0
350,ficar grande gostosa roupas,['SHEIN'],ğŸ’•,1.0
351,guuuuhsantana duvidar melhor man,['Nubank'],"GuarujÃ¡, Brasil",0.0
352,cocacola_br besta perfil responder,['Coca-cola'],"MaceiÃ³, Brasil",1.0
353,pago compra dizer esperar,['SHEIN'],"Curitiba, Brasil",1.0
354,viciar carrinho passar mil reais simplesmente,['SHEIN'],"Cerro Largo, Brasil",1.0
355,saia pedir chegar calÃ§a pedir dias antes ainda sentido,['SHEIN'],"CuiabÃ¡, Brasil",0.0
356,cÃªs saber encontro blusinha gola alta ok saber enfim algum lugar vender,['SHEIN'],22,0.0
357,reclamar dinheiro mes conseguir finalmente aipords ansiosa,['Xiaomi'],"Blumenau, Brasil",1.0
358,roupas poer aaaaaa,['SHEIN'],tranquility base hotel+cassino,1.0
359,nunu perdi cartÃ£o crÃ©dito aonde solicito,['Nubank'],louie & harrie,1.0
360,voce,['Nike'],"Dourados, Brasil",1.0
361,taakiofc melhor cafe manhÃ£ opiniÃ£o pizza fria gelar,['Coca-cola'],"PÃ£o de queijo, Brasil",1.0
362,dias comprar chegar brasil,['SHEIN'],None,1.0
363,aumentar cartÃ£o inimigo argiloso,['Nubank'],None,1.0
364,luhquennehen poder assistente pagar cent dia sim trabalho escravo,['SHEIN'],Loonaverse,0.0
367,odeio,['Nubank'],None,0.0
369,brt shopping nova amÃ©rica sÃ¡bado buscar trajem,['Nike'],nova IguaÃ§u,1.0
370,vnrealcria nao po shox achar kkkkkkkkk,['Nike'],erre xota,1.0
371,usar linha cabelos oleosos amar,['BoticÃ¡rio'],"Belo Horizonte, Brasil",1.0
372,existir missÃ£o parar tomar refrigerante fÃ¡cil dar Ã©o goat refrigerantes,['Coca-cola'],"Sete Lagoas, Brasil",0.0
373,vir fluminense pfv,['Nike'],None,1.0
374,aguentar comprar tuÃ­te,['SHEIN'],Brazil,1.0
375,preferir,['Nike'],17,1.0
376,spfczara nunca superar ter largar,['Nike'],"SÃ£o Paulo, Brasil",0.0
377,agradecida feedback amigos provavelmente mudo,['Nubank'],@qtakasal â™¡ @danonneee â™¡,1.0
378,killisabella compro,['Xiaomi'],paradis,1.0
379,comprar calcar dar aniversario feliz,['SHEIN'],"SÃ£o Paulo, Brasil",1.0
380,cartao tao bonito vontade gastar,['Nubank'],None,1.0
381,coisinhas beyoung chegar,['SHEIN'],Campina Grande do Sul,1.0
382,apaixonada compras,['SHEIN'],None,1.0
383,saber ficar gostosa camisola renda comprar,['SHEIN'],"Cacoal, Brasil",1.0
384,site bom navegar adoro ficar sugerir peÃ§as parecido procurar passo horas olhar parecer shopping,['SHEIN'],"Mato Grosso, Brasil",1.0
385,eai soltar roupas,['SHEIN'],no mundÃ£o,0.0
387,pare oferecer seguro vida oferecer emprÃ©stimo,['Nubank'],"Salvador, Brasil",0.0
388,rxgerguedes roupas tÃªnis melhor amor deus,['Nike'],gabinutil,1.0
389,gatinha usar bo beber,['Nike'],"CeilÃ¢ndia, BrasÃ­lia",1.0
390,chocar perfil oficial responder,['Coca-cola'],"MaceiÃ³, Brasil",1.0
391,chato notificaÃ§Ãµes oferendar seguro vida,['Nubank'],BH-MG,0.0
392,vestir sula,['Nike'],"SÃ£o Paulo, Brasil",0.0
393,forever nova geraÃ§Ã£o,['SHEIN'],any pronounsâ™¡,1.0
394,isabollalauck terra cropped shortinho,['SHEIN'],None,0.0
396,daniellmrc poco phone top bateria mah,['Xiaomi'],None,0.0
397,ressaca desgrama vei,['Coca-cola'],None,0.0
398,odeio menos comprar roupa,['SHEIN'],None,1.0
399,comprar,['SHEIN'],Brasil,1.0
400,ctz,['Nike'],duds â™¡,1.0
401,cartÃ£o crÃ©dito cair dinheiro nunca va tomar cu,['Nubank'],GuaratinguetÃ¡,0.0
402,iphone andar,['Xiaomi'],None,0.0
403,pedrohcust leomfermiano paingamingbr psg_talon acabar logo lanÃ§ar bootzin maneiro sksksksksksksksksksksksksksk,['Nike'],None,1.0
404,brtt dizer tiktok larguei bih solteiro pisar yeezy yeezy jordan yeah nao pisar pÃ©,['Nike'],None,1.0
405,achar roupas,['SHEIN'],na bosta,1.0
406,vidalet _ v_montechiari sim camisa flamengo uruguaiana bermuda korova tÃªnis,['Nike'],None,0.0
407,roxo apple pay,['Nubank'],"Sao Paulo, Brazil",1.0
408,lekinhobala dizer manos pÃ© desculpar quebrar corrente,['Nike'],None,0.0
409,diogo trazer comprar perfumeeee,['BoticÃ¡rio'],Rio de Janeiro,1.0
410,coisas sair entregar deus pai padrasto,['SHEIN'],Me chamou de hopi Hari,1.0
411,perder noÃ§Ã£o dar alto crÃ©dito kkkkkkkkkkkkkkk,['Nubank'],"TaubatÃ©, Brasil",0.0
412,atualizei renda esperar ganhar cartÃ£o crÃ©dito,['Nubank'],"SÃ£o Paulo, Brasil",1.0
413,dia normal passar vontade site,['Nike'],SÃ£o Paulo - Z/O,1.0
415,calÃ§a justa bunda ficar grande,['SHEIN'],ê·€í•˜ì˜ ì§€ì—­ì— ë¸”ë™ í•‘í¬,1.0
417,caralho gostar tanto chuteiras preocupar,['Nike'],"Rio de Janeiro, Brasil",0.0
418,nao saber cansada ficar alterar senha porque esquecer,['Nubank'],Hogwarts,0.0
421,favor aumentar crÃ©dito colocar preenchimento,['Nubank'],None,1.0
422,preciso acabar vicio chamar,['Coca-cola'],"Rio de Janeiro, Brasil",0.0
423,brendinhakonig preferir fase,['Nike'],"SÃ£o Paulo, Brasil",1.0
424,rapaz fazer pedir sexta tÃªnis chegar slk,['Nike'],"VitÃ³ria da Conquista, Brasil",1.0
425,meses bebo realmente diferenÃ§a absurda mÃ©dio longo orazo,['Coca-cola'],"Rio de Janeiro, Brasil",1.0
426,vei coisa chegar nunk,['SHEIN'],MauÃ¡,0.0
427,futebol_info ataquemarketing rapaz abandonar futebol sul americano,['Nike'],"JacarepaguÃ¡, Rj",0.0
428,peito ligar zeca,['Nike'],"Rio de Janeiro, Brasil",1.0
429,melhor,['Coca-cola'],None,1.0
430,ulttmaknae vei compras tao la dias odio unferno cu buceta,['SHEIN'],â€¢ ela/dela,0.0
432,aylasol _ r,['Nubank'],Ubatuba,1.0
433,arrumar noite prometer ligar tipo ed hardy air max cordÃ£o kit ferrari,['Nike'],ë¸”ë™í•‘í¬,1.0
434,melhor,['Nike'],65,1.0
435,trajadin camisa cabelo disfarÃ§adin,['Nike'],cf,1.0
436,ver review bom celula rodar lisinho free fire sobre,['Xiaomi'],"bh, texas",1.0
438,brendabremm vir vez reembolsar pesquisada,['SHEIN'],"Toledo, Brasil",1.0
439,finalmente aprovar inicial reais,['Nubank'],"Serra, Brasil",1.0
440,patrocina liberto,['Nike'],"Rio de Janeiro, Brasil",1.0
441,escolher lingeries chorar ter mto dinheiro,['SHEIN'],Protegida por Deus,0.0
442,roupa tilt,['Nike'],andorinha,1.0
443,deixar desejar crl uniforme igual mundo,['Nike'],None,0.0
444,leitecristiane original geladÃ­ssima,['Coca-cola'],"RibeirÃ£o Preto, Brasil",1.0
445,desistir amÃ©rica sul,['Nike'],Brasil,0.0
446,preciso pagar boletos serviÃ§o pagamento boleto ar,['Nubank'],"blackreach, skyrim",0.0
447,coisado,['Nubank'],Juiz de Fora,0.0
450,muita,['Nike'],None,1.0
451,tnh smp encomendas chegar chegar mandar outras mundo,['SHEIN'],Ig:miiryaaaaam,1.0
454,app bug estranho hora pagar boletos,['Nubank'],Narnia,0.0
455,viciar,['Coca-cola'],Rio de Janeiro,0.0
457,poder pretinho feio mundo usar camisa lacoste deixar cara elecante,['Nike'],None,1.0
458,mola feio vans usuÃ¡rio Ã³leo sobre tela,['Nike'],"JacarÃ©, serra ",0.0
459,aumentar obrigado porÃ©m ainda poder gastar pois desempregado ainda,['Nubank'],"Belo Horizonte , Brasil",1.0
461,pagar fatura mÃªs ainda adiantar prÃ³ximo favor nunca pedir nada,['Nubank'],"Porto Alegre, Brasil",1.0
462,ruim credo maldito covid tirar paixÃ£o,['Coca-cola'],lÃ¡ mesmo,0.0
463,aplicativo lento celta subir ar ligar impossÃ­vel pagar boleto,['Nubank'],None,0.0
464,jahgodomingues marcoslonguini adidasbrasil underarmourbr pumabrasil mandar bem camisa seleÃ§Ã£o,['Nike'],SÃ£o Paulo/Franco da Rocha,0.0
465,cello_silva,['Nubank'],None,1.0
466,solicitar saber quantos pedidos estagiÃ¡rios devir odiar,['Nubank'],None,0.0
467,gnt provar roupas ficar tds lixo,['SHEIN'],None,0.0
468,alguÃ©m comprar lingerie,['SHEIN'],"Belo Horizonte, Brasil",1.0
470,preparar atualizaÃ§Ã£o oferecer memÃ³ria ram virtual chamar louco usar placa vÃ­deo online,['Xiaomi'],None,1.0
472,saudÃ¡vel sim porra tomar copo saudÃ¡vel,['Coca-cola'],None,0.0
473,escolanosense nn entender geraÃ§Ã£o,['Coca-cola'],"Hawkins, Indiana",0.0
474,blusa mochila,['Nike'],Completo da serrinha,0.0
475,chegar encomenda casa feliz achar roupas nemm,['SHEIN'],sina is too famous for me,0.0
476,mal entender abrir latinha,['Coca-cola'],ğğ€ğğ†ğ“ğ–ğˆğ‚ğ„ ğŸ’,0.0
480,tanto tÃªnis branco,['Nike'],"SumarÃ©, Brasil",1.0
482,quase certeza concentrar design deixar estagiÃ¡rios cuidar outros times possÃ­vel,['Nike'],None,0.0
483,trabalho fotografia faculdade fingir cafÃ©,['Coca-cola'],None,1.0
484,dia pedir poder nada,['Nubank'],ğ”¤ğ”¥ğ”¬ğ”°ğ”± ğ” ğ”¦ğ”±ğ”¶,0.0
485,cobrar morde bota bermuda entender explicar pfv,['Nike'],Perguntei?,0.0
486,dinheiro plmdds reais,['Nubank'],"... ! ginny & luna ? oh right they're my daily dose of serotonin, i LOVE them Â¡!",0.0
488,preciso tomar,['Coca-cola'],ğŸŒˆ,1.0
490,runicbtw blazerkkj achar depender prefiro casaco moletom bolas mlr,['Nike'],None,1.0
491,fazer sacola lembrar dinheiro,['SHEIN'],"Pelotas, Brasil",0.0
492,tocar mÃªs poder gastar salÃ¡rio roupa,['SHEIN'],"MaringÃ¡, Brasil",0.0
493,mathiasrb Ã´ loco limpa,['Coca-cola'],"Porto Alegre, Brasil",0.0
494,umbro retorno outros clubes umbro,['Nike'],"Porto Alegre, Brasil",1.0
495,roupinhas chegar vo matar,['Nike'],Farroupilha - RS,0.0
496,nunca dor cabeÃ§a,['Xiaomi'],â €â € â €  â €â €    âŠ¹ â‹†ï¾Ÿê’°à° â™¡ à»’ê’± â‹†ï¾ŸâŠ¹,0.0
497,anos enrolar agora estÃºdio contar pj obrigada mimo,['Nubank'],None,1.0
498,impressÃ£o problemas processar pagamentos,['Nubank'],Rio de Janeiro - Brasil,0.0
500,ansioso mixar logo bobojaco iurick _,['Nike'],None,1.0
501,lj_gfbpa certeza,['Nike'],"Curitiba, Brazil",0.0
502,perguntar fdp dar,['Nike'],None,0.0
503,futebol_info ataquemarketing ah tricolor fechar,['Nike'],"SÃ£o Paulo, SP",0.0
505,obg,['SHEIN'],maclaren's pub,0.0
506,roupas chegar logo eis tirar fotinhas,['SHEIN'],raven | chalÃ© 6 | intj,1.0
507,cerolzera iaÃª boquinha suave criar,['Nike'],Setor Norte,1.0
508,deus cÃ©u deixar pagar boletos amor sistema completamente lento travar,['Nubank'],Rio de Janeiro,0.0
509,valer compras mil,['Nike'],021RJ,1.0
511,amo primeiro lÃ­quido dia logo seguir tomo vitaminas sentir super saudÃ¡vel,['Coca-cola'],None,1.0
512,ressaca euuu porra bem gelar agr,['Coca-cola'],SÃ£o GonÃ§alo Salgueiro,1.0
513,ok deus tirar site shopee pf,['SHEIN'],"Ouro Fino, Brasil",1.0
515,cÃ©rebro preciso entender acesso brÃ¡s divi site live conjunto fit,['Nike'],"Lagoa da Prata, Brasil",0.0
517,descer andar new balanÃ§ar falar cara devir ficar bravo,['Nike'],None,1.0
518,saber coisa celular nunca pqp comeÃ§o amar agora pura porcaria miui,['Xiaomi'],None,0.0
519,simbolo parecer olhar falir nao combina,['Nike'],"Imbituba, Brasil",1.0
520,boy usar coisa falir des,['Nike'],None,0.0
521,bora quilos milho ficar bem estÃ´mago caixadepandoriapgr,['Coca-cola'],DF,1.0
522,finalmente achar troxa pagar carrinho,['SHEIN'],Itabira,0.0
523,entrar site amar roupas fazer carrinho hehe amo,['SHEIN'],"Urubici, Brasil",1.0
525,primeira compra chegar querer segunda chegue,['SHEIN'],"Los Angeles, CA",0.0
526,fone comprar perfeito,['SHEIN'],mg,1.0
527,antartica,['Coca-cola'],None,1.0
528,_ erickjunio padrÃ£o feia doer,['Nike'],ğŸ”º,0.0
529,coloco carrinho,['SHEIN'],ğŸ“018,0.0
530,_ erickjunio perder umbro,['Nike'],ğŸ”º,0.0
531,maluzenhx minar usar allstar querer falar kkkkkkkkkkkkkkkkkkkkkkkkkkkkkkkkkkkkkkkkkkkkkkkkkkkkkkkkkkkkkkkkkkkkkkkkkkkkkkkk,['Nike'],None,0.0
533,brotar brotar versace,['Nike'],sm - rsğŸŒ´,0.0
535,comprar brinco cereja lindar ter passar base haste biju ficar verde lindar,['SHEIN'],None,1.0
536,app abrir,['Nubank'],"SÃ£o LuÃ­s, Brasil",0.0
538,futebol_info ataquemarketing atlÃ©tico nacional,['Nike'],27,0.0
539,simplesmente deixar pagar pedir,['Nubank'],Looking at the same moon as we speak I always hope youâ€™re happy I say to the night sky till it wears away just listen to me for one more day,0.0
540,tanto roupa favoritada ter dinheiro,['SHEIN'],None,1.0
541,renjunglittr deixar ter cartÃ£o,['Nubank'],ä»ä¿Š â™¥ï¸ é”Ÿ â™¥ï¸ æ‰¬æ‰¬,0.0
542,nunca tomar vida passar mal dor estÃ´mago,['Coca-cola'],eve,0.0
544,foder agora status salÃ¡rio ap compras,['SHEIN'],Brasil,0.0
545,aoi_kawai _ menino perfeito usar roupa time tÃªnis agr eboy,['Nike'],No seu armÃ¡rio,1.0
546,eumatheussr roupa tÃªnis futebol,['Nike'],"Asuncion, Paraguay",1.0
547,amo opÃ§Ã£o guardar dinheiro porque existÃªncia simplesmente apagar memÃ³ria,['Nubank'],"Natal, Brasil",1.0
548,raissahr amiga atual precisar maior,['Nubank'],"Rio de Janeiro, Brasil",0.0
550,fazer compras site shopee espero chegue,['SHEIN'],Ã” juliana,1.0
551,fÃªmea continuar diminuir qm usar cropped short lindar amo estilo diferenciar,['SHEIN'],"Cajati, Brasil",0.0
552,banco inter mil vezes melhor dÃºvidas,['Nubank'],None,0.0
553,mo vontade vender shorts saia,['Nike'],baixada sancria,0.0
554,oiii casa,['Coca-cola'],ç§ã¯ã‚²ãƒ¼ãƒãƒ¼ã§ã€å‹‡æ•¢ãªã€ãƒã‚¤ãƒ³ã‚¯ãƒ©ãƒ•ãƒˆã€ã‚·ãƒ ãªã©ã€ã„ãã¤ã‹ã®ã‚²ãƒ¼ãƒ ã‚’ãƒ—ãƒ¬ã‚¤ã—ã¦ã„ã¾ã™ã€‚ã‚·ãƒªãƒ¼ã‚ºã‚’è¦‹ã‚‹ã®ãŒå¥½ãã§ã€çŒ«ãŒå¤§å¥½ãã§ã™ã€‚ooá¥´: -18,1.0
555,junioraas achar raciocÃ­nio procede deixar boca internacional europa alguns anos deixar united juventus city porto tempo gastar tubos manter barcelona sinceramente conseguir entender estratÃ©gia,['Nike'],None,0.0
556,roupas masculinas dessa moh graÃ§a preferir brechozao mainha,['SHEIN'],None,0.0
557,souza comprar vÃ¡rios perfumes brabo,['BoticÃ¡rio'],"BrÃ¡s de Pina, Rio de Janeiro",1.0
558,querer medo tmb kkkkkkkkk,['SHEIN'],None,0.0
559,comprar amigos,['Coca-cola'],Brasil,1.0
560,conseguir redefinir senha,['Nubank'],"Fortaleza, Brasil",0.0
561,doido patrocinar flamengo dnv,['Nike'],"Penha, Rio de Janeiro",1.0
562,preparar atualizaÃ§Ã£o oferecer memÃ³ria ram virtual chamar louco usar placa vÃ­deo virtual,['Xiaomi'],None,1.0
563,ver henna morro medo ficar dois sÃ­mbolos caro,['Nike'],ItaiÃ³polis,0.0
564,diegosudariop shox mola,['Nike'],"ParobÃ©, Brasil",0.0
565,arohadorameira arohamaknae comprar,['SHEIN'],"Salvador, Brasil",1.0
566,certeza fÃ¡cil rÃ¡pido nunca dar problema,['Nubank'],"SÃ£o Paulo, Brasil",1.0
567,reporterlacerda estranho poucos clubes comodismo proposto ruim ninguÃ©m querer,['Nike'],None,0.0
568,vsf court vision idÃªntico air force,['Nike'],ÍÍ Í          ÍÍ Í,0.0
569,opedrinkkj trocar chuteira achar mtooo melhor bola foder,['Nike'],None,0.0
570,tentar outra vez,['Nubank'],"BrasÃ­lia, Brasil",1.0
571,decchanamite serio fabricar ideias geniais dever contratar,['Coca-cola'],equestria,1.0
572,cerolzera ia comeÃ§ar chorar falaria boquinha boa contrata fx,['Nike'],"MaranhÃ£o, Brasil",0.0
573,felipevinha mÃ£e conseguir,['Nubank'],"Rio de Janeiro, Brasil",0.0
574,literalmente mundo empresa sair fumar saio halls kkkkkkk vÃ­cio caralho,['Coca-cola'],None,0.0
575,tmncu fight ir bem olhar time inimigo ver boot jogar,['Nike'],None,0.0
576,tempo abandonar clubes america tao focar grandes europa tipo barcelona,['Nike'],crf,0.0
577,preciso parar tomar,['Coca-cola'],"Rio de Janeiro, Brasil",0.0
578,luizzucolotto sim dois tenis ainda,['Nike'],"Serra, Brasil",1.0
579,mÃ¡ influÃªncia certo,['Nike'],NiterÃ³i,0.0
580,aumentar namoral,['Nubank'],None,0.0
581,demorar tanto comprinhas agr nada mai novidade mundo parecer renner,['SHEIN'],SÃ£o Paulo - SP,0.0
582,fatura resumir compras,['SHEIN'],None,1.0
583,cÃ³digo nx nunca taxar sentir taxa,['SHEIN'],Brasil,1.0
584,alguÃ©m presentear fardinho,['Coca-cola'],"Porto Velho, Brasil",1.0
585,tristeza chegar roupa ficar bom,['SHEIN'],"Rio de Janeiro, Brasil",0.0
586,ficar horas olhar kkkkkk mds viciante,['SHEIN'],None,1.0
587,sair sozinho conta agr consigo entrar enviar mail senha,['Nubank'],None,0.0
591,gastar agora medo taxar old,['SHEIN'],"Bahia, Brasil",1.0
592,tiktokbrasil cadÃª conto mandar favor nÃ© dias depositar osso,['Nubank'],Natal,0.0
593,felipevinha uso mercado pagar melhor problemas acabar pagar dois boletos kkkkkk publi,['Nubank'],"Rio de Janeiro, Brasil",1.0
594,vez enganar tecer roupas,['SHEIN'],Lagoa santa MG,0.0
595,mussumalive doido entrar nessa preÃ§os absurdo,['SHEIN'],None,0.0
596,compras nao chegar ainda chorar,['SHEIN'],"CaÃ§apava, Brasil",0.0
597,shox merecer respeito,['Nike'],"SÃ£o Paulo, Brasil",1.0
598,jacob comer bem falso tÃªnis combinar roupas,['Nike'],"BalneÃ¡rio CamboriÃº, Brasil",1.0
599,caralho abrir app ver parada descobri padrasto fazer pix conto maluco pputa pobre,['Nubank'],"MacapÃ¡, Brasil",1.0
600,fÃ© julgar coisas selecionadas sacola compras favor,['SHEIN'],"Umuarama, Brasil",1.0
602,app nunca conseguir ler cÃ³digo barras boleto,['Nubank'],"Sao Paulo, Brazil",0.0
603,diabitta roupa aliexpress querer reclamar,['SHEIN'],None,0.0
604,respeitar mlk intitular boy kkkkkkk,['Nike'],"Santos, Brasil",0.0
607,misturar academia poder,['Nike'],"Nova IguaÃ§u, Brasil",1.0
608,marlenecosteira faltar,['Coca-cola'],None,1.0
610,uso lanÃ§ar camisa short,['Nike'],"Penha, Rio de Janeiro",1.0
611,toda vez usar tÃªnis abro guardar roupa mana sentir loja escolher,['Nike'],"Santo Ã‚ngelo, Brasil",1.0
613,poder poder renner poder amp novo conceito vestir folha bananeira,['SHEIN'],sitcom lovebot ğŸ¡,0.0
614,demora contestar pagamento dias,['Nubank'],MEU PAÃS ESPÃRITO SANTO,0.0
615,sair futebol poucos,['Nike'],"TeresÃ³polis, Brasil",0.0
616,baixei pqqqqqq alguÃ©m tirar,['SHEIN'],"SÃ£o Paulo, Brasil",0.0
617,min telefone resolver total coisas,['Nubank'],"BrasÃ­lia, Brasil",0.0
618,nada fds ahah,['Nike'],"Aveiro, Portugal",1.0
619,sdds time sendo patrocinar,['Nike'],21,0.0
620,porque time lenir cheio anuncio pobre nao poder,['SHEIN'],None,0.0
621,deus horrÃ­vel pagar boleto pqp demora ainda erro toda hora,['Nubank'],"SÃ£o Paulo, Brasil",0.0
622,fazer compra valor alto cagar medo taxar,['SHEIN'],None,0.0
623,felicidad felicidad es hacer un pedir,['SHEIN'],"Elche, Spain",1.0
624,hello conhecer saber alguma regrinha sobre taxas compra but medo taxar,['SHEIN'],None,0.0
625,ptkintocavel,['Nike'],pergunta lÃ¡ no posto ipiranga,1.0
626,sempre pÃ© camisa time,['Nike'],ppg,1.0
627,umbro,['Nike'],None,1.0
628,fodase vo deixar cabelo crescer lanÃ§ar degradezin regua simbolo picar jogar,['Nike'],@ğ˜´ğ˜¢ğ˜¯ğ˜¤ğ˜©ğ˜¦ğ˜»ğ˜»ğ˜µğ˜°ğ˜¹ğ˜ªğ˜¤,1.0
629,namorada preferÃªncia,['Nike'],None,0.0
630,desviei comprar quase gratidÃ£o,['SHEIN'],None,1.0
631,aplicativo instÃ¡vel carregar nada,['Nubank'],"Fortaleza, Brasil",0.0
633,qrendo paradinhas,['SHEIN'],ERREJOTA,1.0
636,imaginar realmente ficar puto usar junto,['Nike'],sp,0.0
637,miojo,['Coca-cola'],21,0.0
638,ei massa flamengo voltar nÃ©,['Nike'],"Delmiro Gouveia, Brasil",1.0
639,aparecer calÃ§a jogger puta parir coisa feia,['SHEIN'],Manaus,0.0
640,espremer universitÃ¡rio final semestre sair caldo preto mistura cafÃ© Ã³dio,['Coca-cola'],"Manaus, Brasil",0.0
641,pitangaop uso,['Nubank'],"Rio de Janeiro, Brasil",1.0
644,cÃ£o,['BoticÃ¡rio'],"Konoha, aldeia da folha ",1.0
645,mussumalive questÃ£o roupas,['SHEIN'],"Rio de Janeiro, Brasil",1.0
646,eimattt pedroseschini matt ver shox cdg k,['Nike'],"Atlanta, GA",1.0
647,dudiskkjk prefiro,['Nike'],na sua casa bb,1.0
649,medo calÃ§a taxar,['SHEIN'],"JacarepaguÃ¡, Rio de Janeiro",0.0
650,teclado notebook sexta faltar pouco Ã¢nimo ainda existir nesse isolamento,['Coca-cola'],CrateÃºs /Fortaleza /SÃ£o Paulo,1.0
651,membro,['Nike'],"ParanaguÃ¡, Brasil",0.0
652,querer abrir acho sinal manga tentar vez abrir compro,['Nubank'],None,0.0
654,souojuao golpe kkkkkkkkkkkkk,['Nubank'],None,0.0
655,filha puta pedir sair lugar desde maio perder dinheiro ficar puta,['SHEIN'],None,0.0
656,alÃ´ pagar boletos app deixar,['Nubank'],"Porto Alegre, Brasil",0.0
657,ressaca euuu porra estalar agora,['Coca-cola'],03/11/2020ğŸ’™ğŸ‘£,1.0
658,dever andar dinheiro brincar,"['Nike', 'SHEIN']","Ilha de FranÃ§a, FranÃ§a",0.0
659,entender aumentar cartÃ£o,['Nubank'],ZN,0.0
660,amo cafÃ© amo,['Coca-cola'],"Vila Velha, Brasil",1.0
662,jung_dede ver mercado livre comprar lÃ¡ encontrar lojas cidade vender dois sair msm frete,['Xiaomi'],borderland,1.0
663,roubar dinheiro,['Nike'],None,0.0
664,shoppe amazon areas extremamente perigosas,['SHEIN'],62,0.0
665,alguÃ©m problema pagar boleto negÃ³cio concluir,['Nubank'],None,0.0
666,enfim mÃ£os,['Nubank'],"Carazinho, Brasil",1.0
668,mosalxh qnd chegar acredito velho vermelha pagar pau demais nela,['Nike'],None,1.0
669,trabalhar encher guarda roupa lala,['Nike'],None,1.0
670,uso tÃªnis calÃ§ar foda,['Nike'],sp,0.0
672,i fazer bico fazer compra conto duas semanas dispensar,['SHEIN'],011 Capital das Nota$,0.0
673,blusa chegar feliz,['SHEIN'],ğŸ³ï¸â€ğŸŒˆâƒ¤,1.0
674,chegar notificacao achar receber,['Nubank'],horror spunk â€”â€“Â· ela/dela,0.0
675,comprinhas chegar,['SHEIN'],"Lagoa da Prata, Brasil",1.0
676,futebol_info galometaldiret ataquemarketing perder forÃ§a caralho,['Nike'],None,1.0
677,coisa chegar qm sera vo flooda foto,['SHEIN'],"i just wanna go back ì‚¬ë‘ë„ ì•„í””ë„ ëª¨ I wanna kill myself, i wanna kill myself ë‚´ê°€ ë” ë§ê°€ì§€ê¸° ì „.",1.0
680,apple,['Nubank'],SP,0.0
681,mÃªs aumentar coisa linda,['Nubank'],"FlorianÃ³polis, Ingleses ",1.0
683,coco,['Nubank'],"Engenho Novo, Rio de Janeiro",0.0
684,irma comer miojo tomar deus coitado estomago,['Coca-cola'],"Belo Horizonte, Brasil",0.0
686,teste carÃ¡ter,['Nike'],"ManhuaÃ§u, Brasil",0.0
687,achar loja vender roupas estilo perto casa la,['SHEIN'],ğŸ“–: a escolha,1.0
688,dragooncrf pezin acostumar,['Nike'],5551,0.0
689,opiniÃ£o faturas confusas pago fatura anterior pagamento aparecer prÃ³xima fatura,['Nubank'],13,0.0
690,patrickallan tirodicanto melhor grupo clubes,['Nike'],None,0.0
691,site bom navegar adoro ficar sugerir peÃ§as parecido procurar passo horas olhar parecer shopping,['SHEIN'],"AnÃ¡polis, Brasil",1.0
692,magalzaoshow muita experimenta pepsi vez qnd referir refrigerante,['Coca-cola'],Infelizmente,0.0
693,app testar paciÃªncia,['Nubank'],"Guararapes, interior de SP",0.0
695,cartomaniacosfc nunca demonstrar interessada entrar territÃ³rio sul americano,['Nike'],NiterÃ³i,0.0
696,mamar usar cÃ³digo kwai tiktok pois roupar pfvr ajudar pobre mulher,['SHEIN'],entj,1.0
697,obrigada,['Nubank'],,1.0
698,hfcoradini assim,['Coca-cola'],"Minas Gerais, Brasil",0.0
702,fckggud,['SHEIN'],None,1.0
703,umatleticano _ _ mesma coisas,['Nike'],"Ipatinga, Brasil",0.0
704,saber problema,['Nubank'],None,0.0
705,cara espÃ­rito consumista saia querer importar socorro,['Nike'],Me chamou de hopi Hari,0.0
707,criatura fazer pedir ubereats causa,['Coca-cola'],"New Jersey, USA",0.0
708,comprar,['SHEIN'],na do morae$,1.0
710,capinhas celular maravilhosas baratinhas,['SHEIN'],None,1.0
711,saber lacoste,['Nike'],"Nova IguaÃ§u, Vila de Cava ",1.0
712,vo lanÃ§ar cabelo,['Nike'],gv city,1.0
713,credita papai puto bolar mo buracÃ£o,['Nike'],ğŸ‡§ğŸ‡·,1.0
714,precisar pagar conta app carregar,['Nubank'],"Curvelo, Brasil",0.0
715,pedir shopee chegar,['SHEIN'],ãƒ‡ãƒƒãƒ‰,0.0
716,alwaysmeteoro app chamado training club treinos vÃ¡rias intensidades tempo,['Nike'],"SÃ£o Paulo, Brasil",1.0
717,strogonoff batata coraÃ§Ã£o transbordar,['Coca-cola'],Casa do amor â¤ï¸,1.0
718,tanto agasalho,['Nike'],"SumarÃ©, Brasil",1.0
719,nao conseguir pagar boleto achar sinal gastar dinheiro,['SHEIN'],None,0.0
720,jjkpjmluvx,['SHEIN'],None,1.0
721,df receber doses vacina positivo,"['Nike', 'Xiaomi']",None,1.0
722,cocacola_br brasil triste cidade restaurantes participantes mandar mimo,['Coca-cola'],"TrÃªs Lagoas, Brasil",0.0
723,mussumalive dinheiro gastar roupa,['SHEIN'],"Guarulhos, Brasil",1.0
724,tomqr vez dia viro bixo,['Coca-cola'],None,0.0
726,cerolzera primeiramente ficar choque logo seguir falaria eaeew boquinha,['Nike'],"Paris, France",1.0
727,tomar cafÃ© manhÃ£ melhor forma pizza dormir,['Coca-cola'],None,1.0
729,obrigada meses abandonar,['Nike'],"Sant'Ana do Livramento, Brasil",0.0
730,semanas esperar capinhas trouxa,['SHEIN'],None,0.0
731,veste time pequeno,['Nike'],None,0.0
732,bater bola ovo prometer crÃ©dito agora nada,['Nubank'],"Rio de Janeiro, Brasil",0.0
733,voce,['Nike'],ğŸ ,1.0
734,lindo assim fabricada,['Nike'],None,1.0
735,taxar agora falto esperar chegar,['SHEIN'],None,1.0
736,chegar pacote muiÃ© feliz zl,['SHEIN'],"SÃ£o Paulo, Brasil",1.0
737,precisar alguÃ©m disposto financiar pijaminhas,['SHEIN'],ipanema / fabriciano mg,1.0
